<?xml version="1.0"?>
<rss version="2.0">
<channel>
<title>测试课程 1 </title>
<link>http://129.74.91.197/mobileweb/mockup/podcasts/ip</link>
<description>>测试课程 1 视频</description>
<lastBuildDate>Thu, 26 Apr 2007 19:41:48 -0400</lastBuildDate>
<language>en-us</language>
<copyright>2009-xiaojing</copyright>
<managingEditor>xiaojing.duan@usm.edu</managingEditor>

<generator>Fedafi.com Online Feed Builder V1.0</generator>
<ttl>1</ttl>
<item>
<title>Technology War and Terrorism</title>
<link>http://129.74.91.197/mobileweb/mockup/podcasts/movie/mit_teachin_on__technology_war_and_terrorism.mp4</link>
<enclosure url="http://129.74.91.197/mobileweb/mockup/podcasts/movie/mit_teachin_on__technology_war_and_terrorism.mp4" length="15200000" type="video/mpeg"/>
<pubDate>Thu, 26 Apr 2009 19:41:48 -0400</pubDate>
<description>example</description>
</item>
</channel>
</rss>